{"cameraMode":{"drawMode":0,"name":"Shaded","section":"Shading Mode"},"sceneLighting":true,"audioPlay":false,"sceneViewState":{"m_AlwaysRefresh":false,"showFog":true,"showSkybox":true,"showFlares":true,"showImageEffects":true,"showParticleSystems":true,"showVisualEffectGraphs":true,"m_FxEnabled":true},"in2DMode":false,"pivot":{"x":559.9024658203125,"y":270.1971130371094,"z":-0.7982819676399231},"rotation":{"x":-0.29005300998687746,"y":-0.009463226422667504,"z":0.002905009314417839,"w":-0.9569215178489685},"size":343.9325866699219,"orthographic":false}